trial	val_mae	memory_gb	status	description
0	7.6256	5.8	ok	batch_size=64 beta1=0.85 dropout=0.2 head_dropout=0.35000000000000003 head_type=linear learning_rate=0.0003574712922600243 lr_schedule=cosine warmup_ratio=0.0 weight_decay=0.04753571532049581
1	0.0000	0.0	crash	batch_size=16 beta1=0.85 dropout=0.15000000000000002 head_dropout=0.4 head_type=mlp learning_rate=0.0002814509271606064 lr_schedule=linear warmup_ratio=0.02 weight_decay=0.026237821581611892
2	5.9489	0.8	ok	batch_size=8 beta1=0.9 dropout=0.0 head_dropout=0.25 head_type=linear learning_rate=0.00012476394272569445 lr_schedule=cosine warmup_ratio=0.0 weight_decay=0.04744427686266667
3	0.0000	0.0	crash	batch_size=8 beta1=0.9 dropout=0.0 head_dropout=0.1 head_type=mlp learning_rate=0.000642033033629786 lr_schedule=linear warmup_ratio=0.0 weight_decay=0.009242722776276352
4	0.0000	0.0	crash	batch_size=24 beta1=0.85 dropout=0.0 head_dropout=0.4 head_type=mlp learning_rate=0.00026000059117302663 lr_schedule=linear warmup_ratio=0.1 weight_decay=0.027134804157912425
0	7.8302	5.8	ok	batch_size=64 beta1=0.85 dropout=0.2 head_dropout=0.35000000000000003 head_type=linear learning_rate=0.0003574712922600243 lr_schedule=cosine warmup_ratio=0.0 weight_decay=0.04753571532049581
1	5.9898	1.6	ok	batch_size=16 beta1=0.85 dropout=0.15000000000000002 head_dropout=0.4 head_type=mlp learning_rate=0.0002814509271606064 lr_schedule=linear warmup_ratio=0.02 weight_decay=0.026237821581611892
2	5.9602	0.8	ok	batch_size=8 beta1=0.9 dropout=0.0 head_dropout=0.25 head_type=linear learning_rate=0.00012476394272569445 lr_schedule=cosine warmup_ratio=0.0 weight_decay=0.04744427686266667
3	5.8075	0.8	ok	batch_size=8 beta1=0.9 dropout=0.0 head_dropout=0.1 head_type=mlp learning_rate=0.000642033033629786 lr_schedule=linear warmup_ratio=0.0 weight_decay=0.009242722776276352
4	6.2105	2.4	ok	batch_size=24 beta1=0.85 dropout=0.0 head_dropout=0.4 head_type=mlp learning_rate=0.00026000059117302663 lr_schedule=linear warmup_ratio=0.1 weight_decay=0.027134804157912425
0	7.7145	5.8	ok	batch_size=64 beta1=0.85 dropout=0.2 head_dropout=0.35000000000000003 head_type=linear learning_rate=0.0003574712922600243 lr_schedule=cosine warmup_ratio=0.0 weight_decay=0.04753571532049581
1	5.9671	1.6	ok	batch_size=16 beta1=0.85 dropout=0.15000000000000002 head_dropout=0.4 head_type=mlp learning_rate=0.0002814509271606064 lr_schedule=linear warmup_ratio=0.02 weight_decay=0.026237821581611892
2	6.4467	0.8	ok	batch_size=8 beta1=0.9 dropout=0.0 head_dropout=0.25 head_type=linear learning_rate=0.00012476394272569445 lr_schedule=cosine warmup_ratio=0.0 weight_decay=0.04744427686266667
3	5.4874	0.8	ok	batch_size=8 beta1=0.9 dropout=0.0 head_dropout=0.1 head_type=mlp learning_rate=0.000642033033629786 lr_schedule=linear warmup_ratio=0.0 weight_decay=0.009242722776276352
4	5.8642	2.4	ok	batch_size=24 beta1=0.85 dropout=0.0 head_dropout=0.4 head_type=mlp learning_rate=0.00026000059117302663 lr_schedule=linear warmup_ratio=0.1 weight_decay=0.027134804157912425
5	12.6065	3.6	ok	batch_size=32 beta1=0.9 dropout=0.3 head_dropout=0.25 head_type=mlp learning_rate=0.0018832519048593583 lr_schedule=linear warmup_ratio=0.0 weight_decay=0.031164906341377897
6	8.5236	2.8	ok	batch_size=24 beta1=0.85 dropout=0.3 head_dropout=0.1 head_type=mlp learning_rate=0.0005917520523090669 lr_schedule=cosine warmup_ratio=0.06 weight_decay=0.021377050917927482
7	12.0026	3.6	ok	batch_size=32 beta1=0.95 dropout=0.25 head_dropout=0.45 head_type=mlp learning_rate=0.0023619797107806506 lr_schedule=linear warmup_ratio=0.04 weight_decay=0.04040601897822085
8	9.2313	3.6	ok	batch_size=32 beta1=0.85 dropout=0.15000000000000002 head_dropout=0.35000000000000003 head_type=mlp learning_rate=0.00010239273411172726 lr_schedule=cosine warmup_ratio=0.04 weight_decay=0.02553736512887829
9	5.9815	3.6	ok	batch_size=32 beta1=0.95 dropout=0.05 head_dropout=0.25 head_type=linear learning_rate=0.0002634777514406047 lr_schedule=linear warmup_ratio=0.14 weight_decay=0.0018443473677266398
10	7.3353	1.1	ok	batch_size=8 beta1=0.9 dropout=0.1 head_dropout=0.0 head_type=linear learning_rate=0.0009659696685644896 lr_schedule=linear warmup_ratio=0.1 weight_decay=0.006125761383416493
11	5.4448	1.3	ok	batch_size=12 beta1=0.9 dropout=0.0 head_dropout=0.15000000000000002 head_type=mlp learning_rate=0.0007442967228895917 lr_schedule=linear warmup_ratio=0.1 weight_decay=0.014038047711985205
12	6.6504	1.5	ok	batch_size=12 beta1=0.9 dropout=0.05 head_dropout=0.1 head_type=mlp learning_rate=0.0010034190478306238 lr_schedule=linear warmup_ratio=0.1 weight_decay=0.010880456833409165
13	6.2938	1.5	ok	batch_size=12 beta1=0.95 dropout=0.05 head_dropout=0.1 head_type=mlp learning_rate=0.000896271762694257 lr_schedule=linear warmup_ratio=0.08 weight_decay=0.01456820420706104
14	5.2828	1.0	ok	batch_size=8 beta1=0.9 dropout=0.0 head_dropout=0.15000000000000002 head_type=mlp learning_rate=0.0005519626174588704 lr_schedule=linear warmup_ratio=0.14 weight_decay=0.016181171483222928
15	9.4102	1.5	ok	batch_size=12 beta1=0.9 dropout=0.1 head_dropout=0.2 head_type=mlp learning_rate=0.0016013855365196515 lr_schedule=linear warmup_ratio=0.14 weight_decay=0.018073746944766125
16	5.6855	1.9	ok	batch_size=16 beta1=0.95 dropout=0.1 head_dropout=0.0 head_type=mlp learning_rate=0.00042799454764380195 lr_schedule=linear warmup_ratio=0.12 weight_decay=0.014702198977174726
17	6.0025	6.0	ok	batch_size=64 beta1=0.9 dropout=0.0 head_dropout=0.15000000000000002 head_type=mlp learning_rate=0.000711748232435703 lr_schedule=linear warmup_ratio=0.12 weight_decay=0.0005271127687185503
18	5.7543	1.1	ok	batch_size=8 beta1=0.95 dropout=0.05 head_dropout=0.15000000000000002 head_type=linear learning_rate=0.00016626149568163169 lr_schedule=cosine warmup_ratio=0.12 weight_decay=0.033389622479204614
19	11.5348	1.5	ok	batch_size=12 beta1=0.9 dropout=0.2 head_dropout=0.05 head_type=mlp learning_rate=0.0015066106237006218 lr_schedule=linear warmup_ratio=0.08 weight_decay=0.019791342168058758
20	5.8437	1.1	ok	batch_size=8 beta1=0.9 dropout=0.1 head_dropout=0.2 head_type=mlp learning_rate=0.0004529483298639885 lr_schedule=linear warmup_ratio=0.14 weight_decay=0.006775260252758455
21	5.3081	1.0	ok	batch_size=8 beta1=0.9 dropout=0.0 head_dropout=0.15000000000000002 head_type=mlp learning_rate=0.000637426993409228 lr_schedule=linear warmup_ratio=0.06 weight_decay=0.008941376187753895
22	8.0371	1.0	ok	batch_size=8 beta1=0.9 dropout=0.0 head_dropout=0.2 head_type=mlp learning_rate=0.001217184027273494 lr_schedule=linear warmup_ratio=0.06 weight_decay=0.013063367169937001
23	6.5684	1.1	ok	batch_size=8 beta1=0.9 dropout=0.05 head_dropout=0.15000000000000002 head_type=mlp learning_rate=0.0007485203764057969 lr_schedule=linear warmup_ratio=0.08 weight_decay=0.004705698497922208
24	5.2728	1.3	ok	batch_size=12 beta1=0.9 dropout=0.0 head_dropout=0.30000000000000004 head_type=mlp learning_rate=0.0004817133183574747 lr_schedule=linear warmup_ratio=0.06 weight_decay=0.017070647339011293
25	5.6790	1.1	ok	batch_size=8 beta1=0.95 dropout=0.05 head_dropout=0.30000000000000004 head_type=mlp learning_rate=0.0004914823295390031 lr_schedule=linear warmup_ratio=0.04 weight_decay=0.0180763213370373
26	6.7987	6.0	ok	batch_size=64 beta1=0.85 dropout=0.0 head_dropout=0.5 head_type=linear learning_rate=0.00020753848323139053 lr_schedule=cosine warmup_ratio=0.06 weight_decay=0.02161143452296726
27	5.6354	1.9	ok	batch_size=16 beta1=0.9 dropout=0.05 head_dropout=0.30000000000000004 head_type=mlp learning_rate=0.000410874985825512 lr_schedule=linear warmup_ratio=0.02 weight_decay=0.009268799018628648
28	5.8794	1.3	ok	batch_size=12 beta1=0.9 dropout=0.0 head_dropout=0.05 head_type=mlp learning_rate=0.0003400043138030734 lr_schedule=linear warmup_ratio=0.06 weight_decay=0.031122718994550373
29	7.7332	2.8	ok	batch_size=24 beta1=0.85 dropout=0.2 head_dropout=0.35000000000000003 head_type=linear learning_rate=0.0003260243106260379 lr_schedule=cosine warmup_ratio=0.04 weight_decay=0.016774471030811672
30	6.0654	7.0	ok	batch_size=64 beta1=0.9 dropout=0.1 head_dropout=0.30000000000000004 head_type=mlp learning_rate=0.0011357847144083514 lr_schedule=linear warmup_ratio=0.02 weight_decay=0.0223294663014775
31	5.6844	1.3	ok	batch_size=12 beta1=0.9 dropout=0.0 head_dropout=0.2 head_type=mlp learning_rate=0.0005379501541897415 lr_schedule=linear warmup_ratio=0.08 weight_decay=0.011228535967273764
32	5.9072	1.3	ok	batch_size=12 beta1=0.9 dropout=0.0 head_dropout=0.15000000000000002 head_type=mlp learning_rate=0.0007386661753867815 lr_schedule=linear warmup_ratio=0.1 weight_decay=0.015263258351978195
33	6.2061	1.5	ok	batch_size=12 beta1=0.9 dropout=0.05 head_dropout=0.05 head_type=mlp learning_rate=0.0008126699393103421 lr_schedule=linear warmup_ratio=0.12 weight_decay=0.012395791957980512
34	5.3237	1.0	ok	batch_size=8 beta1=0.9 dropout=0.0 head_dropout=0.25 head_type=mlp learning_rate=0.0005965455821103707 lr_schedule=linear warmup_ratio=0.06 weight_decay=0.008094140689852978
35	5.4041	1.0	ok	batch_size=8 beta1=0.85 dropout=0.0 head_dropout=0.30000000000000004 head_type=mlp learning_rate=0.0005722520673558339 lr_schedule=linear warmup_ratio=0.06 weight_decay=0.003561610016111067
36	5.3726	1.0	ok	batch_size=8 beta1=0.9 dropout=0.0 head_dropout=0.35000000000000003 head_type=mlp learning_rate=0.0003441246906508824 lr_schedule=linear warmup_ratio=0.04 weight_decay=0.008051983875082118
37	5.2642	1.1	ok	batch_size=8 beta1=0.9 dropout=0.05 head_dropout=0.25 head_type=linear learning_rate=0.0006048190636477756 lr_schedule=cosine warmup_ratio=0.08 weight_decay=0.008744885938679064
38	5.4043	1.1	ok	batch_size=8 beta1=0.85 dropout=0.05 head_dropout=0.4 head_type=linear learning_rate=0.0003749284669678057 lr_schedule=cosine warmup_ratio=0.08 weight_decay=0.028230265536385885
39	7.0982	1.9	ok	batch_size=16 beta1=0.9 dropout=0.2 head_dropout=0.25 head_type=linear learning_rate=0.0002923588029381617 lr_schedule=cosine warmup_ratio=0.02 weight_decay=0.04518104888330201
40	6.9472	1.1	ok	batch_size=8 beta1=0.95 dropout=0.15000000000000002 head_dropout=0.25 head_type=linear learning_rate=0.00021007063824793752 lr_schedule=cosine warmup_ratio=0.04 weight_decay=0.004235851259431713
41	5.8233	0.8	ok	batch_size=8 beta1=0.9 dropout=0.0 head_dropout=0.25 head_type=linear learning_rate=0.0005858701717404125 lr_schedule=cosine warmup_ratio=0.06 weight_decay=0.009463270154328709
42	5.8740	0.8	ok	batch_size=8 beta1=0.9 dropout=0.0 head_dropout=0.2 head_type=linear learning_rate=0.0004963319431983406 lr_schedule=cosine warmup_ratio=0.06 weight_decay=0.006479399686056774
43	5.9657	2.4	ok	batch_size=24 beta1=0.9 dropout=0.0 head_dropout=0.35000000000000003 head_type=mlp learning_rate=0.000638132193055079 lr_schedule=linear warmup_ratio=0.08 weight_decay=0.010515067793151178
44	5.7171	1.1	ok	batch_size=8 beta1=0.9 dropout=0.05 head_dropout=0.30000000000000004 head_type=mlp learning_rate=0.0006459184368410755 lr_schedule=cosine warmup_ratio=0.04 weight_decay=0.016682009998305714
45	5.7633	3.1	ok	batch_size=32 beta1=0.9 dropout=0.0 head_dropout=0.4 head_type=linear learning_rate=0.0008425941929834108 lr_schedule=linear warmup_ratio=0.06 weight_decay=0.002452245015556029
46	5.1379	1.1	ok	batch_size=8 beta1=0.9 dropout=0.05 head_dropout=0.1 head_type=mlp learning_rate=0.0004072794170775677 lr_schedule=linear warmup_ratio=0.1 weight_decay=0.023427398925650458
47	22.6804	1.1	ok	batch_size=8 beta1=0.9 dropout=0.1 head_dropout=0.1 head_type=mlp learning_rate=0.002927417005432569 lr_schedule=linear warmup_ratio=0.1 weight_decay=0.0222539297332115
48	5.7928	2.8	ok	batch_size=24 beta1=0.9 dropout=0.05 head_dropout=0.1 head_type=mlp learning_rate=0.00038835468851367944 lr_schedule=cosine warmup_ratio=0.14 weight_decay=0.025352718475268286
49	7.9996	1.1	ok	batch_size=8 beta1=0.85 dropout=0.25 head_dropout=0.05 head_type=linear learning_rate=0.00022487098469384652 lr_schedule=linear warmup_ratio=0.1 weight_decay=0.019345615331333523
50	5.2462	1.1	ok	batch_size=8 beta1=0.9 dropout=0.05 head_dropout=0.15000000000000002 head_type=mlp learning_rate=0.00048430602599652025 lr_schedule=linear warmup_ratio=0.12 weight_decay=0.03651977879728152
51	5.6085	1.1	ok	batch_size=8 beta1=0.9 dropout=0.05 head_dropout=0.15000000000000002 head_type=mlp learning_rate=0.0005062216470819519 lr_schedule=linear warmup_ratio=0.12 weight_decay=0.040542132749724215
52	5.8946	1.1	ok	batch_size=8 beta1=0.9 dropout=0.1 head_dropout=0.2 head_type=mlp learning_rate=0.0004699041347618515 lr_schedule=linear warmup_ratio=0.12 weight_decay=0.03632276928701629
53	5.7746	3.6	ok	batch_size=32 beta1=0.9 dropout=0.05 head_dropout=0.15000000000000002 head_type=mlp learning_rate=0.00028825689458988456 lr_schedule=linear warmup_ratio=0.14 weight_decay=0.027900414988351753
54	6.3827	1.1	ok	batch_size=8 beta1=0.9 dropout=0.15000000000000002 head_dropout=0.1 head_type=mlp learning_rate=0.0004351937840751585 lr_schedule=linear warmup_ratio=0.1 weight_decay=0.023530108920441
55	7.9886	1.1	ok	batch_size=8 beta1=0.9 dropout=0.1 head_dropout=0.2 head_type=mlp learning_rate=0.001021917584212109 lr_schedule=linear warmup_ratio=0.12 weight_decay=0.04498878446326532
56	5.7489	7.0	ok	batch_size=64 beta1=0.9 dropout=0.05 head_dropout=0.15000000000000002 head_type=mlp learning_rate=0.0006578604396969437 lr_schedule=linear warmup_ratio=0.14 weight_decay=0.04982497242031601
57	5.2881	0.8	ok	batch_size=8 beta1=0.9 dropout=0.0 head_dropout=0.1 head_type=mlp learning_rate=0.0005403314803329451 lr_schedule=linear warmup_ratio=0.08 weight_decay=0.03018998905147139
58	5.6051	1.1	ok	batch_size=8 beta1=0.9 dropout=0.05 head_dropout=0.1 head_type=mlp learning_rate=0.000245014945406015 lr_schedule=linear warmup_ratio=0.08 weight_decay=0.03604254028495004
59	5.3669	1.0	ok	batch_size=8 beta1=0.95 dropout=0.0 head_dropout=0.0 head_type=mlp learning_rate=0.00040483993573100173 lr_schedule=cosine warmup_ratio=0.1 weight_decay=0.030036360964061287
60	5.7918	1.9	ok	batch_size=16 beta1=0.9 dropout=0.05 head_dropout=0.05 head_type=linear learning_rate=0.00017582414276560174 lr_schedule=linear warmup_ratio=0.08 weight_decay=0.03313025324914414
61	4.9500	1.0	ok	batch_size=8 beta1=0.9 dropout=0.0 head_dropout=0.15000000000000002 head_type=mlp learning_rate=0.0005377919993002848 lr_schedule=linear warmup_ratio=0.08 weight_decay=0.04140087983172716
62	5.2997	0.8	ok	batch_size=8 beta1=0.9 dropout=0.0 head_dropout=0.1 head_type=mlp learning_rate=0.0005096828509592662 lr_schedule=linear warmup_ratio=0.08 weight_decay=0.040453414580162175
63	5.4011	0.8	ok	batch_size=8 beta1=0.9 dropout=0.0 head_dropout=0.1 head_type=mlp learning_rate=0.0003143365990034171 lr_schedule=linear warmup_ratio=0.1 weight_decay=0.0422455639312868
64	5.3867	1.3	ok	batch_size=12 beta1=0.9 dropout=0.0 head_dropout=0.2 head_type=mlp learning_rate=0.0004300262085631593 lr_schedule=linear warmup_ratio=0.08 weight_decay=0.03688304068487635
65	5.6241	1.1	ok	batch_size=8 beta1=0.9 dropout=0.05 head_dropout=0.15000000000000002 head_type=mlp learning_rate=0.0005435725004420699 lr_schedule=linear warmup_ratio=0.1 weight_decay=0.03864088492106616
66	5.7833	3.6	ok	batch_size=32 beta1=0.9 dropout=0.1 head_dropout=0.15000000000000002 head_type=mlp learning_rate=0.0007093041717893083 lr_schedule=linear warmup_ratio=0.12 weight_decay=0.03484448920616903
67	5.2498	1.0	ok	batch_size=8 beta1=0.9 dropout=0.0 head_dropout=0.0 head_type=mlp learning_rate=0.0003702716889466304 lr_schedule=linear warmup_ratio=0.08 weight_decay=0.019227910233107635
68	5.9504	7.0	ok	batch_size=64 beta1=0.9 dropout=0.05 head_dropout=0.0 head_type=mlp learning_rate=0.00035623468815709726 lr_schedule=linear warmup_ratio=0.12 weight_decay=0.02385229498342979
69	5.4750	1.3	ok	batch_size=12 beta1=0.9 dropout=0.0 head_dropout=0.05 head_type=mlp learning_rate=0.00046406522866035345 lr_schedule=linear warmup_ratio=0.14 weight_decay=0.020569358182890813
70	8.2499	1.1	ok	batch_size=8 beta1=0.9 dropout=0.3 head_dropout=0.25 head_type=linear learning_rate=0.0008020152096815611 lr_schedule=cosine warmup_ratio=0.1 weight_decay=0.01800031449264858
71	5.2377	1.0	ok	batch_size=8 beta1=0.9 dropout=0.0 head_dropout=0.0 head_type=mlp learning_rate=0.000543109400939324 lr_schedule=linear warmup_ratio=0.08 weight_decay=0.026272006033645677
72	5.1819	1.0	ok	batch_size=8 beta1=0.9 dropout=0.0 head_dropout=0.0 head_type=mlp learning_rate=0.0003834669270545394 lr_schedule=linear warmup_ratio=0.08 weight_decay=0.015737228183411035
73	5.5849	1.0	ok	batch_size=8 beta1=0.9 dropout=0.0 head_dropout=0.0 head_type=mlp learning_rate=0.0004024263372190184 lr_schedule=linear warmup_ratio=0.08 weight_decay=0.01962210730339025
74	5.3812	1.0	ok	batch_size=8 beta1=0.9 dropout=0.0 head_dropout=0.0 head_type=mlp learning_rate=0.0003171072235444712 lr_schedule=linear warmup_ratio=0.08 weight_decay=0.026349095536460414
75	5.7094	1.7	ok	batch_size=16 beta1=0.9 dropout=0.0 head_dropout=0.0 head_type=mlp learning_rate=0.0002647899489728379 lr_schedule=linear warmup_ratio=0.08 weight_decay=0.013880495119227357
76	7.8435	2.8	ok	batch_size=24 beta1=0.9 dropout=0.25 head_dropout=0.05 head_type=mlp learning_rate=0.00036313743685410056 lr_schedule=linear warmup_ratio=0.06 weight_decay=0.042885952153977044
77	5.5622	1.0	ok	batch_size=8 beta1=0.9 dropout=0.0 head_dropout=0.0 head_type=mlp learning_rate=0.0004553569959947835 lr_schedule=linear warmup_ratio=0.08 weight_decay=0.015392750926730933
78	5.5422	1.1	ok	batch_size=8 beta1=0.9 dropout=0.05 head_dropout=0.05 head_type=mlp learning_rate=0.0003804283900949085 lr_schedule=linear warmup_ratio=0.06 weight_decay=0.012661008918342057
79	5.8846	1.3	ok	batch_size=12 beta1=0.95 dropout=0.0 head_dropout=0.0 head_type=linear learning_rate=0.0006960009612300005 lr_schedule=cosine warmup_ratio=0.08 weight_decay=0.023802286577641964
80	5.7551	1.1	ok	batch_size=8 beta1=0.9 dropout=0.05 head_dropout=0.05 head_type=mlp learning_rate=0.0005771308593754326 lr_schedule=linear warmup_ratio=0.1 weight_decay=0.01793841430449545
81	5.3156	1.0	ok	batch_size=8 beta1=0.9 dropout=0.0 head_dropout=0.30000000000000004 head_type=mlp learning_rate=0.0006068595714638647 lr_schedule=linear warmup_ratio=0.08 weight_decay=0.015802515976724982
82	5.0526	1.0	ok	batch_size=8 beta1=0.9 dropout=0.0 head_dropout=0.0 head_type=mlp learning_rate=0.000496023007208244 lr_schedule=linear warmup_ratio=0.06 weight_decay=0.018915002077514634
83	5.2984	1.0	ok	batch_size=8 beta1=0.9 dropout=0.0 head_dropout=0.0 head_type=mlp learning_rate=0.0004983446589922395 lr_schedule=linear warmup_ratio=0.06 weight_decay=0.021179935598463942
84	5.0270	1.0	ok	batch_size=8 beta1=0.9 dropout=0.0 head_dropout=0.0 head_type=mlp learning_rate=0.00042970213726932103 lr_schedule=linear warmup_ratio=0.06 weight_decay=0.0192049946434881
85	5.3836	1.1	ok	batch_size=8 beta1=0.9 dropout=0.05 head_dropout=0.0 head_type=mlp learning_rate=0.0004273959590868485 lr_schedule=linear warmup_ratio=0.06 weight_decay=0.019293220997975598
86	5.5584	1.0	ok	batch_size=8 beta1=0.9 dropout=0.0 head_dropout=0.05 head_type=mlp learning_rate=0.0003020264940307583 lr_schedule=linear warmup_ratio=0.08 weight_decay=0.022706316439251303
87	5.2551	1.0	ok	batch_size=8 beta1=0.9 dropout=0.0 head_dropout=0.0 head_type=mlp learning_rate=0.00036068309120910254 lr_schedule=linear warmup_ratio=0.06 weight_decay=0.01147085707289661
88	5.1374	1.0	ok	batch_size=8 beta1=0.9 dropout=0.0 head_dropout=0.0 head_type=mlp learning_rate=0.00035809609584342133 lr_schedule=linear warmup_ratio=0.04 weight_decay=0.011570046596692715
89	5.0976	1.0	ok	batch_size=8 beta1=0.9 dropout=0.0 head_dropout=0.0 head_type=mlp learning_rate=0.0003323586789261053 lr_schedule=linear warmup_ratio=0.04 weight_decay=0.014330530125573747
90	5.1774	1.0	ok	batch_size=8 beta1=0.9 dropout=0.0 head_dropout=0.05 head_type=mlp learning_rate=0.0002472293332900047 lr_schedule=linear warmup_ratio=0.04 weight_decay=0.014727736525001096
91	5.3561	1.0	ok	batch_size=8 beta1=0.9 dropout=0.0 head_dropout=0.05 head_type=mlp learning_rate=0.00026930647095220505 lr_schedule=linear warmup_ratio=0.04 weight_decay=0.01381463105130438
92	5.5931	1.0	ok	batch_size=8 beta1=0.9 dropout=0.0 head_dropout=0.0 head_type=mlp learning_rate=0.0003367774940754407 lr_schedule=linear warmup_ratio=0.04 weight_decay=0.014787982119635902
93	5.3566	1.0	ok	batch_size=8 beta1=0.9 dropout=0.0 head_dropout=0.05 head_type=mlp learning_rate=0.00024432720177383166 lr_schedule=linear warmup_ratio=0.02 weight_decay=0.016893516578523695
94	5.5398	1.0	ok	batch_size=8 beta1=0.9 dropout=0.0 head_dropout=0.0 head_type=mlp learning_rate=0.00018493298644649576 lr_schedule=linear warmup_ratio=0.04 weight_decay=0.012126922843275892
95	5.0833	1.0	ok	batch_size=8 beta1=0.9 dropout=0.0 head_dropout=0.05 head_type=mlp learning_rate=0.00044661504275339455 lr_schedule=linear warmup_ratio=0.04 weight_decay=0.013512473485352828
96	5.7495	1.0	ok	batch_size=8 beta1=0.9 dropout=0.0 head_dropout=0.05 head_type=mlp learning_rate=0.0001184839820142199 lr_schedule=linear warmup_ratio=0.04 weight_decay=0.013065342191816777
97	5.6586	3.1	ok	batch_size=32 beta1=0.9 dropout=0.0 head_dropout=0.0 head_type=mlp learning_rate=0.0004146127872807581 lr_schedule=linear warmup_ratio=0.02 weight_decay=0.01035095287931195
98	6.6174	6.0	ok	batch_size=64 beta1=0.9 dropout=0.0 head_dropout=0.05 head_type=mlp learning_rate=0.00014875789349027107 lr_schedule=linear warmup_ratio=0.04 weight_decay=0.016009040073310346
99	5.2996	1.0	ok	batch_size=8 beta1=0.9 dropout=0.0 head_dropout=0.0 head_type=mlp learning_rate=0.00028032195808692695 lr_schedule=linear warmup_ratio=0.04 weight_decay=0.01770095244870585
0	7.6483	5.8	ok	batch_size=64 beta1=0.85 dropout=0.2 head_dropout=0.35000000000000003 head_type=linear learning_rate=0.0003574712922600243 lr_schedule=cosine warmup_ratio=0.0 weight_decay=0.04753571532049581
1	6.0275	1.6	ok	batch_size=16 beta1=0.85 dropout=0.15000000000000002 head_dropout=0.4 head_type=mlp learning_rate=0.0002814509271606064 lr_schedule=linear warmup_ratio=0.02 weight_decay=0.026237821581611892
0	7.7177	5.8	ok	batch_size=64 beta1=0.85 dropout=0.2 head_dropout=0.35000000000000003 head_type=linear learning_rate=0.0003574712922600243 lr_schedule=cosine warmup_ratio=0.0 weight_decay=0.04753571532049581
1	5.9028	1.6	ok	batch_size=16 beta1=0.85 dropout=0.15000000000000002 head_dropout=0.4 head_type=mlp learning_rate=0.0002814509271606064 lr_schedule=linear warmup_ratio=0.02 weight_decay=0.026237821581611892
2	6.0169	0.8	ok	batch_size=8 beta1=0.9 dropout=0.0 head_dropout=0.25 head_type=linear learning_rate=0.00012476394272569445 lr_schedule=cosine warmup_ratio=0.0 weight_decay=0.04744427686266667
3	5.2973	0.8	ok	batch_size=8 beta1=0.9 dropout=0.0 head_dropout=0.1 head_type=mlp learning_rate=0.000642033033629786 lr_schedule=linear warmup_ratio=0.0 weight_decay=0.009242722776276352
4	5.8816	2.4	ok	batch_size=24 beta1=0.85 dropout=0.0 head_dropout=0.4 head_type=mlp learning_rate=0.00026000059117302663 lr_schedule=linear warmup_ratio=0.1 weight_decay=0.027134804157912425
5	12.1267	3.6	ok	batch_size=32 beta1=0.9 dropout=0.3 head_dropout=0.25 head_type=mlp learning_rate=0.0018832519048593583 lr_schedule=linear warmup_ratio=0.0 weight_decay=0.031164906341377897
0	7.4459	5.8	ok	batch_size=64 beta1=0.85 dropout=0.2 head_dropout=0.35000000000000003 head_type=linear learning_rate=0.0003574712922600243 lr_schedule=cosine warmup_ratio=0.0 weight_decay=0.04753571532049581
1	5.8169	1.6	ok	batch_size=16 beta1=0.85 dropout=0.15000000000000002 head_dropout=0.4 head_type=mlp learning_rate=0.0002814509271606064 lr_schedule=linear warmup_ratio=0.02 weight_decay=0.026237821581611892
2	6.2517	0.8	ok	batch_size=8 beta1=0.9 dropout=0.0 head_dropout=0.25 head_type=linear learning_rate=0.00012476394272569445 lr_schedule=cosine warmup_ratio=0.0 weight_decay=0.04744427686266667
3	5.7349	0.8	ok	batch_size=8 beta1=0.9 dropout=0.0 head_dropout=0.1 head_type=mlp learning_rate=0.000642033033629786 lr_schedule=linear warmup_ratio=0.0 weight_decay=0.009242722776276352
4	6.1764	2.4	ok	batch_size=24 beta1=0.85 dropout=0.0 head_dropout=0.4 head_type=mlp learning_rate=0.00026000059117302663 lr_schedule=linear warmup_ratio=0.1 weight_decay=0.027134804157912425
5	11.1599	3.6	ok	batch_size=32 beta1=0.9 dropout=0.3 head_dropout=0.25 head_type=mlp learning_rate=0.0018832519048593583 lr_schedule=linear warmup_ratio=0.0 weight_decay=0.031164906341377897
6	9.3010	2.8	ok	batch_size=24 beta1=0.85 dropout=0.3 head_dropout=0.1 head_type=mlp learning_rate=0.0005917520523090669 lr_schedule=cosine warmup_ratio=0.06 weight_decay=0.021377050917927482
7	11.8289	3.6	ok	batch_size=32 beta1=0.95 dropout=0.25 head_dropout=0.45 head_type=mlp learning_rate=0.0023619797107806506 lr_schedule=linear warmup_ratio=0.04 weight_decay=0.04040601897822085
8	9.0389	3.6	ok	batch_size=32 beta1=0.85 dropout=0.15000000000000002 head_dropout=0.35000000000000003 head_type=mlp learning_rate=0.00010239273411172726 lr_schedule=cosine warmup_ratio=0.04 weight_decay=0.02553736512887829
9	6.1538	3.6	ok	batch_size=32 beta1=0.95 dropout=0.05 head_dropout=0.25 head_type=linear learning_rate=0.0002634777514406047 lr_schedule=linear warmup_ratio=0.14 weight_decay=0.0018443473677266398
0	7.5882	5.8	ok	batch_size=64 beta1=0.85 dropout=0.2 head_dropout=0.35000000000000003 head_type=linear learning_rate=0.0003574712922600243 lr_schedule=cosine warmup_ratio=0.0 weight_decay=0.04753571532049581
1	5.9075	1.6	ok	batch_size=16 beta1=0.85 dropout=0.15000000000000002 head_dropout=0.4 head_type=mlp learning_rate=0.0002814509271606064 lr_schedule=linear warmup_ratio=0.02 weight_decay=0.026237821581611892
2	6.1993	0.8	ok	batch_size=8 beta1=0.9 dropout=0.0 head_dropout=0.25 head_type=linear learning_rate=0.00012476394272569445 lr_schedule=cosine warmup_ratio=0.0 weight_decay=0.04744427686266667
3	5.0086	0.8	ok	batch_size=8 beta1=0.9 dropout=0.0 head_dropout=0.1 head_type=mlp learning_rate=0.000642033033629786 lr_schedule=linear warmup_ratio=0.0 weight_decay=0.009242722776276352
4	6.1208	2.4	ok	batch_size=24 beta1=0.85 dropout=0.0 head_dropout=0.4 head_type=mlp learning_rate=0.00026000059117302663 lr_schedule=linear warmup_ratio=0.1 weight_decay=0.027134804157912425
5	15.1190	3.6	ok	batch_size=32 beta1=0.9 dropout=0.3 head_dropout=0.25 head_type=mlp learning_rate=0.0018832519048593583 lr_schedule=linear warmup_ratio=0.0 weight_decay=0.031164906341377897
6	8.5120	2.8	ok	batch_size=24 beta1=0.85 dropout=0.3 head_dropout=0.1 head_type=mlp learning_rate=0.0005917520523090669 lr_schedule=cosine warmup_ratio=0.06 weight_decay=0.021377050917927482
7	13.8992	3.6	ok	batch_size=32 beta1=0.95 dropout=0.25 head_dropout=0.45 head_type=mlp learning_rate=0.0023619797107806506 lr_schedule=linear warmup_ratio=0.04 weight_decay=0.04040601897822085
8	9.4504	3.6	ok	batch_size=32 beta1=0.85 dropout=0.15000000000000002 head_dropout=0.35000000000000003 head_type=mlp learning_rate=0.00010239273411172726 lr_schedule=cosine warmup_ratio=0.04 weight_decay=0.02553736512887829
9	6.0581	3.6	ok	batch_size=32 beta1=0.95 dropout=0.05 head_dropout=0.25 head_type=linear learning_rate=0.0002634777514406047 lr_schedule=linear warmup_ratio=0.14 weight_decay=0.0018443473677266398
10	7.8744	1.1	ok	batch_size=8 beta1=0.9 dropout=0.1 head_dropout=0.0 head_type=linear learning_rate=0.0009659696685644896 lr_schedule=linear warmup_ratio=0.1 weight_decay=0.006125761383416493
11	6.7584	1.9	ok	batch_size=16 beta1=0.9 dropout=0.15000000000000002 head_dropout=0.1 head_type=mlp learning_rate=0.0008405923597023803 lr_schedule=linear warmup_ratio=0.02 weight_decay=0.013830035384596777
12	5.8819	1.9	ok	batch_size=16 beta1=0.95 dropout=0.1 head_dropout=0.5 head_type=mlp learning_rate=0.0004041252176327038 lr_schedule=linear warmup_ratio=0.04 weight_decay=0.014625513919563855
13	7.3333	1.5	ok	batch_size=12 beta1=0.95 dropout=0.05 head_dropout=0.5 head_type=mlp learning_rate=0.0011263608439461867 lr_schedule=linear warmup_ratio=0.06 weight_decay=0.012747450959997143
14	5.4326	1.9	ok	batch_size=16 beta1=0.95 dropout=0.05 head_dropout=0.15000000000000002 head_type=mlp learning_rate=0.0004254761081242477 lr_schedule=linear warmup_ratio=0.04 weight_decay=0.015172315044427898
15	5.4888	1.1	ok	batch_size=8 beta1=0.95 dropout=0.05 head_dropout=0.15000000000000002 head_type=mlp learning_rate=0.0005795137745800975 lr_schedule=linear warmup_ratio=0.08 weight_decay=0.006531945031380443
16	8.2547	1.3	ok	batch_size=12 beta1=0.9 dropout=0.0 head_dropout=0.0 head_type=mlp learning_rate=0.0013784217576328238 lr_schedule=linear warmup_ratio=0.02 weight_decay=0.019685684559105233
17	6.8937	7.0	ok	batch_size=64 beta1=0.95 dropout=0.1 head_dropout=0.15000000000000002 head_type=mlp learning_rate=0.00020125493902445668 lr_schedule=linear warmup_ratio=0.02 weight_decay=0.00047105834104729793
18	5.9909	1.9	ok	batch_size=16 beta1=0.9 dropout=0.05 head_dropout=0.15000000000000002 head_type=linear learning_rate=0.000694364902758389 lr_schedule=cosine warmup_ratio=0.14 weight_decay=0.00904006350596686
19	5.4748	1.0	ok	batch_size=8 beta1=0.95 dropout=0.0 head_dropout=0.05 head_type=mlp learning_rate=0.00041756891388707284 lr_schedule=linear warmup_ratio=0.08 weight_decay=0.018719755023604668
20	8.8176	1.9	ok	batch_size=16 beta1=0.9 dropout=0.1 head_dropout=0.2 head_type=mlp learning_rate=0.00147788226466993 lr_schedule=linear warmup_ratio=0.04 weight_decay=0.0360026347336178
21	5.2253	1.0	ok	batch_size=8 beta1=0.95 dropout=0.0 head_dropout=0.05 head_type=mlp learning_rate=0.0004465696413176181 lr_schedule=linear warmup_ratio=0.08 weight_decay=0.018887196758903844
22	5.3549	1.0	ok	batch_size=8 beta1=0.95 dropout=0.0 head_dropout=0.05 head_type=mlp learning_rate=0.000457023962865937 lr_schedule=linear warmup_ratio=0.1 weight_decay=0.01627684946147664
23	5.4286	1.0	ok	batch_size=8 beta1=0.95 dropout=0.0 head_dropout=0.05 head_type=mlp learning_rate=0.0007503363562046385 lr_schedule=linear warmup_ratio=0.12 weight_decay=0.010224939003976963
24	5.5204	1.0	ok	batch_size=8 beta1=0.95 dropout=0.0 head_dropout=0.05 head_type=mlp learning_rate=0.0001823335772778123 lr_schedule=linear warmup_ratio=0.1 weight_decay=0.01834137704330507
25	5.6222	1.1	ok	batch_size=8 beta1=0.95 dropout=0.05 head_dropout=0.0 head_type=mlp learning_rate=0.00046751005615041497 lr_schedule=linear warmup_ratio=0.12 weight_decay=0.022156631289988342
26	7.0276	1.1	ok	batch_size=8 beta1=0.9 dropout=0.2 head_dropout=0.1 head_type=linear learning_rate=0.00030564214693557017 lr_schedule=cosine warmup_ratio=0.08 weight_decay=0.006638351029139811
27	5.2801	1.0	ok	batch_size=8 beta1=0.95 dropout=0.0 head_dropout=0.05 head_type=mlp learning_rate=0.000566534082486378 lr_schedule=linear warmup_ratio=0.12 weight_decay=0.031643317666579594
28	5.7320	1.1	ok	batch_size=8 beta1=0.9 dropout=0.05 head_dropout=0.2 head_type=mlp learning_rate=0.0006546586836266338 lr_schedule=linear warmup_ratio=0.06 weight_decay=0.031122718994550373
29	6.6810	5.8	ok	batch_size=64 beta1=0.85 dropout=0.2 head_dropout=0.1 head_type=linear learning_rate=0.0009880004356784939 lr_schedule=cosine warmup_ratio=0.12 weight_decay=0.03877943555780802
30	5.1226	1.0	ok	batch_size=8 beta1=0.95 dropout=0.0 head_dropout=0.0 head_type=mlp learning_rate=0.0003406319938719465 lr_schedule=linear warmup_ratio=0.12 weight_decay=0.030121246728048414
31	5.6125	1.0	ok	batch_size=8 beta1=0.95 dropout=0.0 head_dropout=0.0 head_type=mlp learning_rate=0.0003260566183982303 lr_schedule=linear warmup_ratio=0.12 weight_decay=0.029974793219932155
32	5.1670	1.0	ok	batch_size=8 beta1=0.95 dropout=0.0 head_dropout=0.05 head_type=mlp learning_rate=0.0005255719242894709 lr_schedule=linear warmup_ratio=0.14 weight_decay=0.03477804042318347
33	5.4330	1.0	ok	batch_size=8 beta1=0.95 dropout=0.0 head_dropout=0.0 head_type=mlp learning_rate=0.00019383589893551994 lr_schedule=linear warmup_ratio=0.14 weight_decay=0.04387684848064208
34	6.1037	2.8	ok	batch_size=24 beta1=0.95 dropout=0.05 head_dropout=0.05 head_type=mlp learning_rate=0.0003469202821066238 lr_schedule=linear warmup_ratio=0.14 weight_decay=0.03473348114051085
35	5.5228	0.8	ok	batch_size=8 beta1=0.9 dropout=0.0 head_dropout=0.1 head_type=mlp learning_rate=0.00023278207410817645 lr_schedule=linear warmup_ratio=0.0 weight_decay=0.023543014188170317
36	6.7646	1.5	ok	batch_size=12 beta1=0.85 dropout=0.1 head_dropout=0.30000000000000004 head_type=mlp learning_rate=0.0001505778875014528 lr_schedule=cosine warmup_ratio=0.14 weight_decay=0.028456666848377277
37	6.1239	6.0	ok	batch_size=64 beta1=0.95 dropout=0.0 head_dropout=0.2 head_type=linear learning_rate=0.0005035495751599634 lr_schedule=linear warmup_ratio=0.1 weight_decay=0.03461093633072421
38	5.7531	2.8	ok	batch_size=24 beta1=0.95 dropout=0.05 head_dropout=0.0 head_type=mlp learning_rate=0.0007796844737918923 lr_schedule=linear warmup_ratio=0.08 weight_decay=0.04055351758674987
39	8.0335	1.1	ok	batch_size=8 beta1=0.85 dropout=0.25 head_dropout=0.1 head_type=mlp learning_rate=0.0003584026024118616 lr_schedule=cosine warmup_ratio=0.0 weight_decay=0.04518104888330201
40	5.4257	1.0	ok	batch_size=8 beta1=0.9 dropout=0.0 head_dropout=0.05 head_type=mlp learning_rate=0.00023374163875961848 lr_schedule=linear warmup_ratio=0.06 weight_decay=0.024225756849038105
41	5.4474	1.0	ok	batch_size=8 beta1=0.95 dropout=0.0 head_dropout=0.05 head_type=mlp learning_rate=0.0005613172599004021 lr_schedule=linear warmup_ratio=0.12 weight_decay=0.0321540194861457
42	5.7038	1.0	ok	batch_size=8 beta1=0.95 dropout=0.0 head_dropout=0.0 head_type=mlp learning_rate=0.0006112705377769184 lr_schedule=linear warmup_ratio=0.12 weight_decay=0.027320979090974976
43	5.5555	3.6	ok	batch_size=32 beta1=0.95 dropout=0.05 head_dropout=0.05 head_type=mlp learning_rate=0.0005326001410836818 lr_schedule=linear warmup_ratio=0.14 weight_decay=0.03233766396408714
44	5.0945	0.8	ok	batch_size=8 beta1=0.95 dropout=0.0 head_dropout=0.1 head_type=mlp learning_rate=0.000376807307569757 lr_schedule=linear warmup_ratio=0.1 weight_decay=0.03803749547875685
45	5.2671	0.8	ok	batch_size=8 beta1=0.95 dropout=0.0 head_dropout=0.1 head_type=mlp learning_rate=0.0003744259158371987 lr_schedule=linear warmup_ratio=0.1 weight_decay=0.038349775487009546
